variable,drop_reason
group_time3554,not-in-content-whitelist
group_time3555,not-in-content-whitelist
group_time3556,not-in-content-whitelist
group_time3557,not-in-content-whitelist
group_time3558,not-in-content-whitelist
group_time3559,not-in-content-whitelist
group_time3560,not-in-content-whitelist
group_time3561,not-in-content-whitelist
group_time3562,not-in-content-whitelist
group_time3563,not-in-content-whitelist
group_time3564,not-in-content-whitelist
group_time3565,not-in-content-whitelist
group_time3566,not-in-content-whitelist
group_time3567,not-in-content-whitelist
group_time3568,not-in-content-whitelist
group_time3569,not-in-content-whitelist
group_time3570,not-in-content-whitelist
group_time3571,not-in-content-whitelist
group_time3572,not-in-content-whitelist
motive_other,not-in-content-whitelist
acc_post_time,technical/timing/meta
acc_pre_time,technical/timing/meta
alter_time,technical/timing/meta
bild_time,technical/timing/meta
cheap_talk_script,technical/timing/meta
cheap_talk_script_time,technical/timing/meta
eink_time,technical/timing/meta
geschl_time,technical/timing/meta
id,technical/timing/meta
immersion,technical/timing/meta
immersion_time,technical/timing/meta
interviewtime,technical/timing/meta
lastpage,technical/timing/meta
motive_time,technical/timing/meta
part_post_hypo_time,technical/timing/meta
part_post_real_time,technical/timing/meta
part_pre_hypo_time,technical/timing/meta
part_pre_real_time,technical/timing/meta
pers_time,technical/timing/meta
rand_freq_time,technical/timing/meta
redirect_info_end,technical/timing/meta
redirect_info_end_time,technical/timing/meta
restrictions_year_time,technical/timing/meta
seed,technical/timing/meta
startlanguage,technical/timing/meta
strom_rechnung_time,technical/timing/meta
submitdate,technical/timing/meta
survey_feedback,technical/timing/meta
survey_feedback_time,technical/timing/meta
video_info,technical/timing/meta
video_info_time,technical/timing/meta
wohn_time,technical/timing/meta
wohnort_time,technical/timing/meta
